[ {
  "title" : "1984",
  "author" : "George Orwell",
  "year" : 1949,
  "bookHash" : -1712237618,
  "physicalCopyHashes" : [ -1834673741 ],
  "digitalCopyHashes" : [ -1834669573 ]
}, {
  "title" : "O Senhor dos Anéis",
  "author" : "Tolkien",
  "year" : 0,
  "bookHash" : -277978219,
  "physicalCopyHashes" : [ -322299380 ],
  "digitalCopyHashes" : [ ]
}, {
  "title" : "Dom Casmurro",
  "author" : "Machado de Assis",
  "year" : 1899,
  "bookHash" : 401410465,
  "physicalCopyHashes" : [ ],
  "digitalCopyHashes" : [ -736085548 ]
}, {
  "title" : "Cem Anos de Solidão",
  "author" : "Gabriel García Márquez",
  "year" : 0,
  "bookHash" : -1242607487,
  "physicalCopyHashes" : [ ],
  "digitalCopyHashes" : [ ]
}, {
  "title" : "O Pequeno Príncipe",
  "author" : "Antoine de Saint-Exupéry",
  "year" : 1943,
  "bookHash" : -1711859271,
  "physicalCopyHashes" : [ -1822928716, -1822927732 ],
  "digitalCopyHashes" : [ ]
}, {
  "title" : "A Revolução dos Bichos",
  "author" : "George Orwell",
  "year" : 1945,
  "bookHash" : 1219580655,
  "physicalCopyHashes" : [ ],
  "digitalCopyHashes" : [ ]
}, {
  "title" : "Crime e Castigo",
  "author" : "Fiódor Dostoiévski",
  "year" : 0,
  "bookHash" : 1683838835,
  "physicalCopyHashes" : [ 364499250 ],
  "digitalCopyHashes" : [ 364500398 ]
}, {
  "title" : "O Hobbit",
  "author" : "J.R.R. Tolkien",
  "year" : 1937,
  "bookHash" : -109771201,
  "physicalCopyHashes" : [ ],
  "digitalCopyHashes" : [ ]
}, {
  "title" : "O Apanhador no Campo de Centeio",
  "author" : "J.D. Salinger",
  "year" : 0,
  "bookHash" : -1900846862,
  "physicalCopyHashes" : [ ],
  "digitalCopyHashes" : [ ]
}, {
  "title" : "Moby Dick",
  "author" : "Herman Melville",
  "year" : 1851,
  "bookHash" : -791350763,
  "physicalCopyHashes" : [ 943027012 ],
  "digitalCopyHashes" : [ ]
} ]